{"Mike Fincke , whose daughter became the first child born to an astronaut in orbit June 18 , is preparing to return to Earth and his family in Texas .": {"Michael Fincke": [0.2690099945195936, 0.26803908194422943, 0.3038350723471037, 0.28956451145589235], "Astronaut": [0.21676882389279406, 0.27167973089927966, 0.27838880634514895, 0.31301669239450525], "Orbit": [0.2411059117835357, 0.27243882218090565, 0.2799366884007022, 0.30546103796920687], "Earth": [0.26166891325511277, 0.30406329813927346, 0.3003974449699076, 0.30370076143917124]}, "Adelaide , November 27 : Justin Langer made 215 of Australias 575 for eight declared before New Zealand stumbled to 56 for two at the close of the second days play in the second Test on Saturday .": {"Adelaide": [0.24808454332570162, 0.2118000831043334, 0.36645179863054134, 0.2800051586783511], "Justin Langer": [0.2163523189173786, 0.18307763539714605, 0.35329022244777175, 0.23933614145851034], "New Zealand": [0.29069245431819934, 0.23052004921034974, 0.3898282583218814, 0.30307366968963745]}, "Siemens warned customers of a software defect in a range of mobile phones that could cause hearing damage .": {"Siemens": [0.36296183700293305, 0.3292121752648034, 0.2162289878534529, 0.2878759596862841], "Software bug": [0.30201852537188767, 0.4021976795097797, 0.23965318693064797, 0.2902006862664751], "Mobile phone": [0.32490270392135867, 0.4451049188482905, 0.22987809179312768, 0.29381747829678106]}, "TEHRAN ( Agencies ) -- Iran began processing uranium just more than a week ago to prepare it for enrichment , a diplomat said on Wednesday .": {"Iran": [0.34331462687320624, 0.30801076476801104, 0.3151593429605708, 0.43839007232737326], "Uranium": [0.24092525553882305, 0.2256760527838816, 0.16290101086439535, 0.2816153741476092]}, "Researchers say they have identified brain cell receptors that appear to be responsible for nicotine addiction , a finding of clear importance for smokers who are desperately trying to kick the habit .": {"Brain": [0.20264059785957245, 0.26810408940852615, 0.16623849233642773, 0.22280813500053753], "Neuron": [0.19761194212830646, 0.2743130974484842, 0.15775225321552344, 0.21676886353204639], "Receptor (biochemistry)": [0.18490573744654493, 0.27038532077235344, 0.14845499695396902, 0.21504780950057534], "Nicotine": [0.28254201924027533, 0.3134187309352777, 0.2634674544327491, 0.2736764277857462], "Smoking": [0.2981625721649033, 0.3228764079792701, 0.29973358359445434, 0.3335767688189123]}, "Hot on the heels of big US sales , the DS makes its debut in the homeland . After a strong sales in the US , the Nintendo DS was made available to hundreds of thousands of Japanese gamers Thursday morning .": {"Nintendo": [0.23942962806830392, 0.31545314362932175, 0.2204069471263146, 0.1854124142453505], "Nintendo DS": [0.28528126630153094, 0.3828213117056981, 0.2806968144835973, 0.23384804589888375], "Japanese language": [0.31344194345673126, 0.37708715562482387, 0.2924041350776925, 0.3277591669237735], "Video game": [0.3135422715806446, 0.4353703547510611, 0.36830980302160765, 0.3332712639398361]}, "If you re a romantic who thinks about sports the way Grantland Rice wrote about the Four Horsemen of Notre Dame , this exhausting , wrenching battle between Oregon State and Louisiana State represented everything that makes college football a supreme": {"Grantland": [0.19420509095061123, 0.22800903632284664, 0.2994994565438198, 0.21926483440543887], "Grantland Rice": [0.2045619616818084, 0.22905333923902615, 0.31433642114224214, 0.23471755593759114], "Four Horsemen (American football)": [0.2431565041340774, 0.27820169288167007, 0.4611458554635284, 0.32520073682003203], "Louisiana": [0.24544383158900596, 0.2220030328796334, 0.39733061836549655, 0.2870803962471885], "College football": [0.23440008658431744, 0.2848637125896024, 0.413352404506669, 0.2740302564272141]}, "The Federal Reserve can slow down the pace of interest rate rises if the economy grows less rapidly than it expects , Philadelphia Fed President Anthony Santomero said on Friday .": {"Federal Reserve": [0.408273425097746, 0.32446777817715633, 0.3412304566346296, 0.3642641392009207], "Interest rate": [0.35084481275592694, 0.2617745386553466, 0.2114327649903085, 0.2642372472671002], "Philadelphia": [0.3514802561728394, 0.2246873097812565, 0.2772957978083608, 0.28666712269810013], "Federal Reserve Bank of Philadelphia": [0.36244695713359754, 0.23204329622962017, 0.2919378921611282, 0.2869791883389745]}, "The lack of standby rescue helicopters at CFB Moose Jaw was not a factor in the fate of two Snowbird pilots after their planes crashed on Friday , says Defense Minister Bill Graham .": {"Search and rescue": [0.26120251722786136, 0.24895577520797363, 0.22078881430989306, 0.2991390866856629], "Helicopter": [0.2855857452176691, 0.3013841122401222, 0.2781882881909973, 0.3498795715437082], "CFB Moose Jaw": [0.31574320106351716, 0.29272579086235684, 0.3512828865332853, 0.3684762237027489], "Moose": [0.29366070534811684, 0.27562641069421256, 0.3319325594134792, 0.34725663463811307], "Snowbirds": [0.1862891671074033, 0.20766620854596107, 0.24380401363162374, 0.26922772879880363], "Bill Graham (promoter)": [0.23154357178822105, 0.18525491713276332, 0.2585359974176189, 0.2795407675642628]}, "Chris Bosh faced the best power forward in the NBA last night and did not blink . The Raptors second-year standout put together a career game , guiding his struggling squad to a 96-90 upset win over the powerful": {"Chris Bosh": [0.26218875356625615, 0.23880102148808346, 0.38320519836716516, 0.24641439037616475], "Power forward (basketball)": [0.238563424155934, 0.2516566555954347, 0.3924569828557207, 0.2588596455186959]}, "IBM s expected decision to sell its US $ 11.5 billion PC business would mark the end of an era and dramatically reshape the systems landscape , posing both opportunities and pitfalls for solution providers .": {"IBM": [0.4321117643482588, 0.42537786230494945, 0.28751614659462166, 0.3252199318203588]}, "Images began streaming into the Cassini space mission s imaging team Tuesday night , bringing detailed pictures of Titan s surface .": {"Streaming media": [0.2715596811166492, 0.3482679059945555, 0.2644042466866373, 0.30764172371022847], "Cassini\u2013Huygens": [0.21789638064772776, 0.27425003260324043, 0.21365380615334573, 0.2719496903886609], "Outer space": [0.21472871520881776, 0.2769605925359675, 0.21501984958230513, 0.285204492583782], "Space exploration": [0.2701244671270111, 0.34167776689105733, 0.2777019457364678, 0.3453594545733576]}, "Seattle , November 17 : For people trying to get their aging parents on the web so they can read e-mail and get digital photos of the family , Microsoft Corp has a message : Don t give up .": {"Seattle": [0.3018726354069394, 0.28755372952518043, 0.34650485155487853, 0.2869962576810088], "Email": [0.2599866179194633, 0.4005091719107521, 0.22073390296520012, 0.25107370888469893], "Digital photography": [0.2766995524951126, 0.41276683829649574, 0.28076714410328596, 0.285584998454368], "Microsoft": [0.4228519518508851, 0.4606645139030069, 0.32794972450370174, 0.329574802128515]}, "Geico urged a federal judge Monday in Alexandria to issue an injunction prohibiting Internet giant Google Inc. from selling ads based on searches using the Washington insurance giant 's name , arguing the practice infringes on its trademark . -The Washington Post": {"GEICO": [0.4107672172178062, 0.3277203593125899, 0.27127941224052865, 0.2946693720454727], "Alexandria": [0.33532755135753844, 0.26510003924401093, 0.2867072922836287, 0.36642087006800783], "Injunction": [0.29391371201485406, 0.2856812712040451, 0.22237517331125778, 0.2944146273950796], "Internet": [0.31099794400667546, 0.31820345611830125, 0.1974883925539841, 0.26779607779547665], "Google": [0.3933641121157412, 0.39223235011829893, 0.23586785862355975, 0.3092724627658876], "Trademark": [0.2763471352254956, 0.32061094978278093, 0.2440857207022754, 0.25188042808775823],